{
  "ece_vanilla": 0.28307175581218075,
  "ece_scorer": 0.0008842020092438814
}